average,median,10th percentile,90th percentile,round_number
0.03125,0.03125,0.03125,0.03125,0
0.046875,0.046875,0.046875,0.046875,1
0.046875,0.046875,0.046875,0.046875,2
0.046875,0.046875,0.046875,0.046875,3
0.046875,0.046875,0.046875,0.046875,4
0.046875,0.046875,0.046875,0.046875,5
0.046875,0.046875,0.046875,0.046875,6
0.046875,0.046875,0.046875,0.046875,7
0.046875,0.046875,0.046875,0.046875,8
