num_correct,num_samples,loss,client_id,round_number
8,252,3.541442632675171,c50f55b8,0
16,252,3.512993633747101,c50f55b8,1
16,252,3.5077027678489685,c50f55b8,2
16,252,3.5058937072753906,c50f55b8,3
16,252,3.5047876238822937,c50f55b8,4
16,252,3.5039663910865784,c50f55b8,5
16,252,3.5033127069473267,c50f55b8,6
16,252,3.502769410610199,c50f55b8,7
16,252,3.5023146271705627,c50f55b8,8
