average,median,10th percentile,90th percentile,round_number
0.03125,0.03125,0.03125,0.03125,0
0.984375,0.984375,0.984375,0.984375,1
0.984375,0.984375,0.984375,0.984375,2
0.984375,0.984375,0.984375,0.984375,3
0.984375,0.984375,0.984375,0.984375,4
0.984375,0.984375,0.984375,0.984375,5
