num_correct,num_samples,loss,client_id,round_number
8,252,3.541442632675171,c50f55b8,0
252,252,0.0851077176630497,c50f55b8,1
252,252,0.01917456230148673,c50f55b8,2
252,252,0.009467276511713862,c50f55b8,3
252,252,0.006391412811353803,c50f55b8,4
252,252,0.004830454709008336,c50f55b8,5
