average,median,10th percentile,90th percentile,round_number
0.031746031746031744,0.031746031746031744,0.031746031746031744,0.031746031746031744,0
0.06349206349206349,0.06349206349206349,0.06349206349206349,0.06349206349206349,10
