average,median,10th percentile,90th percentile,round_number
0.03125,0.03125,0.03125,0.03125,0
0.046875,0.046875,0.046875,0.046875,10
