num_correct,num_samples,loss,client_id,round_number
8,252,3.541442632675171,c50f55b8,0
16,252,3.5017064213752747,c50f55b8,10
