average,median,10th percentile,90th percentile,round_number
0.04793028322440087,0.03645833333333333,0.02557100297914598,0.07785365853658535,0
0.31808278867102396,0.2976268951878708,0.14429347826086958,0.4256249999999999,10
0.37254901960784315,0.3319734829168791,0.22625,0.5130243902439023,20
0.4989106753812636,0.37339971550497864,0.2602134146341464,0.8528749999999999,30
