average,median,10th percentile,90th percentile,round_number
0.03530060672917816,0.037149611617696726,0.022366010077874483,0.04732947232947233,0
